,tconst,title,release_year,adjusted_domestic_gross,director_gender,has_oscar_cast,propensity_score,adjusted_budget,star_power,num_production_countries,num_spoken_languages,num_production_companies,genre_stereotypes
0,tt0083590,the atomic cafe,1982,0.1,1,0,0.04707331376903833,1.0,0.0,1,1,1,1
1,tt0083929,fast times at ridgemont high,1982,88.3,1,0,0.09712255134522439,14.7,589.7,1,1,2,0
2,tt0086619,yentl,1983,123.1,1,1,0.08552441034447096,37.9,228.8,2,1,3,0
3,tt0086429,testament,1983,4.9,1,0,0.044143371974061076,4.7,241.3,1,1,3,1
4,tt0086525,valley girl,1983,53.0,1,0,0.09566310044585351,1.1,201.8,1,1,2,0
5,tt0087751,mrs soffel,1984,12.1,1,1,0.08847052071950078,33.3,229.5,1,1,1,0
6,tt0087507,johnny dangerously,1984,51.8,1,1,0.08729585790355822,27.2,303.6,1,1,2,0
7,tt0089886,real genius,1985,37.8,1,0,0.04301205760414128,23.4,168.0,1,1,2,1
8,tt0089017,desperately seeking susan,1985,80.1,1,0,0.09817648090804251,14.6,369.7,1,1,1,0
9,tt0089393,just one of the guys,1985,33.2,1,0,0.08226037977587489,33.6,134.8,1,1,3,0
10,tt0091306,jumpin jack flash,1986,73.4,1,0,0.039019552601959745,51.6,412.3,1,1,3,1
11,tt0093605,near dark,1987,9.3,1,0,0.043499547786252604,13.8,334.6,1,1,3,1
12,tt0093278,ishtar,1987,39.8,1,1,0.029682735605075384,152.2,338.2,1,1,1,1
13,tt0095875,plain clothes,1988,0.8,1,0,0.09242015661063117,19.9,355.0,1,1,2,0
14,tt0094737,big,1988,305.5,1,0,0.041037071413708125,47.8,661.7,1,1,3,1
15,tt0098309,shedevil,1989,38.9,1,1,0.08451284544005658,50.7,278.3,1,1,1,0
16,tt0099832,impulse,1990,6.1,1,0,0.04555538642070712,21.6,213.8,1,1,1,1
17,tt0099077,awakenings,1990,124.2,1,1,0.08077945326142888,74.6,467.7,1,1,1,0
18,tt0102631,paradise,1991,43.0,1,0,0.06959268852670084,78.5,230.3,1,1,4,0
19,tt0102713,the prince of tides,1991,172.6,1,1,0.08156422209441391,69.3,423.2,1,1,1,0
20,tt0102685,point break,1991,99.8,1,0,0.04299236863628861,55.4,381.2,2,1,2,1
21,tt0102729,pure luck,1991,52.3,1,0,0.08420661488660226,39.3,413.0,1,1,3,0
22,tt0102753,rambling rose,1991,14.5,1,1,0.09089136243920895,17.3,374.7,1,1,2,0
23,tt0102316,little man tate,1991,57.7,1,1,0.09621490135729133,23.1,429.1,1,3,1,0
24,tt0101746,the doctor,1991,86.6,1,1,0.09375617345970745,27.7,512.3,1,1,1,0
25,tt0101917,freddys dead the final nightmare,1991,80.5,1,0,0.04603883120147072,25.4,362.1,1,1,1,1
26,tt0107756,orlando,1992,12.9,1,0,0.05316410028108157,9.0,89.6,5,4,5,1
27,tt0104694,a league of their own,1992,241.0,1,1,0.07595268900965679,89.6,654.5,1,1,2,0
28,tt0104377,guncrazy,1992,0.3,1,0,0.09522185962830104,1.8,184.4,1,1,2,0
29,tt0108160,sleepless in seattle,1993,275.6,1,0,0.09098358973190217,45.7,491.4,1,1,1,0
30,tt0106500,cb,1993,38.4,1,0,0.09875722153734923,13.1,379.4,1,1,1,0
31,tt0107009,ghost in the machine,1993,10.3,1,0,0.044902556006472416,26.1,212.9,1,1,1,1
32,tt0110538,mixed nuts,1994,14.2,1,0,0.09325948206063303,31.8,372.3,1,1,1,0
33,tt0110367,little women,1994,106.1,1,0,0.09307524552584652,38.2,325.5,1,3,1,0
34,tt0110971,renaissance man,1994,51.3,1,0,0.08014361544081303,84.9,282.5,2,1,2,0
35,tt0114095,party girl,1995,1.0,1,0,0.09977539838949169,0.3,184.2,1,1,1,0
36,tt0114113,the perez family,1995,5.8,1,1,0.09370423580604473,22.7,404.4,1,1,1,0
37,tt0114011,now and then,1995,55.8,1,0,0.09539682008842922,24.8,383.1,1,1,1,0
38,tt0114663,three wishes,1995,14.5,1,0,0.04498451235187197,20.6,403.1,1,1,2,1
39,tt0114614,tank girl,1995,8.4,1,0,0.0399522521877358,51.6,273.4,1,1,2,1
40,tt0114558,strange days,1995,16.3,1,0,0.035057992256238936,86.6,445.4,1,1,3,1
41,tt0112697,clueless,1995,116.8,1,0,0.09605951091910774,24.8,347.8,1,2,1,0
42,tt0112508,billy madison,1995,52.5,1,0,0.09522533803617436,20.6,409.6,1,3,2,0
43,tt0113347,how to make an american quilt,1995,48.7,1,1,0.08850162244606449,20.6,260.3,1,1,2,0
44,tt0113101,four rooms,1995,8.9,1,0,0.0940957573318044,8.3,237.5,1,1,2,0
45,tt0117057,the mirror has two faces,1996,82.7,1,1,0.0751932643930041,84.2,474.1,1,1,2,0
46,tt0117372,the preachers wife,1996,96.4,1,1,0.03427781211201883,80.2,481.4,1,3,4,1
47,tt0116493,harriet the spy,1996,53.2,1,0,0.08577514377224336,24.0,220.7,1,1,3,0
48,tt0115736,bound,1996,7.6,1,0,0.044948149983034515,9.0,365.9,1,2,3,1
49,tt0116442,grace of my heart,1996,1.2,1,0,0.08906275100036337,10.0,187.1,1,1,3,0
50,tt0119874,the peacemaker,1997,80.8,1,0,0.03820181709273827,97.9,320.0,1,5,1,1
51,tt0120323,a thousand acres,1997,15.5,1,1,0.0642134199475189,54.8,264.6,1,1,7,0
52,tt0119951,private parts,1997,80.7,1,0,0.08033054080489802,54.8,121.7,1,1,2,0
53,tt0118787,buddy,1997,19.7,1,0,0.037892233376928694,49.0,460.2,1,1,4,1
54,tt0118702,best men,1997,0.0,1,0,0.0447202990027491,2.0,270.1,1,1,3,1
55,tt0119080,eves bayou,1997,29.1,1,0,0.09217825318433481,11.8,294.7,1,3,3,0
56,tt0120831,slums of beverly hills,1998,10.6,1,1,0.09228090155611543,9.6,318.9,1,1,2,0
57,tt0120794,the prince of egypt,1998,195.6,1,0,0.0324772159607182,135.0,581.9,1,2,2,1
58,tt0120783,the parent trap,1998,127.9,1,0,0.048293717344990814,28.9,499.3,1,4,1,1
59,tt0155753,ill be home for christmas,1998,23.6,1,0,0.09025201870327935,57.9,825.4,2,1,3,0
60,tt0128853,youve got mail,1998,223.4,1,1,0.0695761685022829,125.4,515.4,1,1,1,0
61,tt0127723,cant hardly wait,1998,48.9,1,0,0.09531659902679386,19.3,262.8,1,1,1,0
62,tt0123987,madeline,1998,57.6,1,1,0.08354401039907956,38.6,366.8,1,3,3,0
63,tt0120531,woo,1998,15.6,1,0,0.08752105477828191,25.1,381.6,1,1,3,0
64,tt0120647,deep impact,1998,270.9,1,1,0.02787974662067183,144.7,656.7,1,1,4,1
65,tt0141098,forces of nature,1999,99.9,1,0,0.06471782510522195,141.5,469.2,1,1,2,0
66,tt0171804,boys dont cry,1999,21.8,1,0,0.08311901797411325,3.8,170.8,1,1,5,0
67,tt0160338,guinevere,1999,1.3,1,0,0.09175969873351848,4.9,286.1,1,1,3,0
68,tt0129332,ravenous,1999,3.9,1,0,0.04587300998148961,22.6,311.0,4,2,6,1
69,tt0119079,onegin,1999,0.3,1,0,0.09983808958983431,26.4,491.5,2,2,2,0
70,tt0120855,tarzan,1999,322.9,1,0,0.021510045954888292,245.3,605.9,1,1,3,1
71,tt0206420,woman on top,2000,9.2,1,0,0.04761771926046612,14.6,275.4,1,2,1,1
72,tt0207201,what women want,2000,333.8,1,1,0.03299546052329083,127.8,723.1,1,2,2,1
73,tt0223897,pay it forward,2000,61.2,1,1,0.07395531375552468,73.0,421.5,1,1,3,0
74,tt0219952,lucky numbers,2000,18.3,1,0,0.0735988320388277,118.7,408.8,2,1,2,0
75,tt0163676,the in crowd,2000,9.5,1,0,0.04644189452634461,27.4,460.9,1,1,1,1
76,tt0162983,hanging up,2000,65.8,1,1,0.06729666707440114,109.5,305.9,2,2,4,0
77,tt0144084,american psycho,2000,27.5,1,0,0.04817589289340528,12.8,366.9,2,3,3,1
78,tt0138749,the road to el dorado,2000,92.8,1,1,0.027284145141658108,173.4,529.7,1,1,2,1
79,tt0122459,return to me,2000,59.6,1,0,0.0862905338761705,43.8,381.1,1,1,2,0
80,tt0174480,autumn in new york,2000,68.9,1,0,0.0681534939996128,118.7,341.2,1,1,2,0
81,tt0206963,my first mister,2001,1.1,1,0,0.09319881006389895,9.3,327.8,2,1,4,0
82,tt0200027,riding in cars with boys,2001,52.9,1,0,0.07236239551215855,85.2,339.8,1,1,3,0
83,tt0182000,the cavemans valentine,2001,1.2,1,0,0.08719727569060777,24.0,333.3,1,1,3,0
84,tt0236348,josie and the pussycats,2001,25.3,1,0,0.08458601861796623,39.1,282.4,2,1,4,0
85,tt0275022,crossroads,2002,65.0,1,0,0.08458185236041944,21.0,355.2,1,1,4,0
86,tt0286499,bend it like beckham,2002,56.9,1,0,0.10059281906551874,6.1,256.9,3,2,4,0
87,tt0297181,i spy,2002,58.7,1,0,0.035015058295276826,122.3,428.7,1,3,1,1
88,tt0296166,real women have curves,2002,10.2,1,0,0.09408043318428164,5.2,381.4,1,2,3,0
89,tt0303353,the kid stays in the picture,2002,2.5,1,0,0.08621166147478224,0.1,50.7,1,1,4,0
90,tt0120679,frida,2002,45.2,1,1,0.09514529998723936,21.0,286.5,3,3,4,0
91,tt0267626,k the widowmaker,2002,61.5,1,0,0.02887959575643992,174.8,557.2,4,1,6,1
92,tt0325055,sylvia,2003,2.2,1,1,0.09418842109345142,12.0,510.0,1,1,2,0
93,tt0343121,tupac resurrection,2003,13.2,1,0,0.0930767696350552,0.5,0.0,1,1,2,0
94,tt0340855,monster,2003,58.9,1,0,0.07669034403561978,13.7,415.1,1,1,7,0
95,tt0337741,somethings gotta give,2003,213.0,1,1,0.06312594249917444,136.7,601.1,1,2,3,0
96,tt0335266,lost in translation,2003,76.2,1,0,0.10462166277532392,6.8,545.2,3,2,4,0
97,tt0328589,under the tuscan sun,2003,74.5,1,0,0.09307209732530596,30.8,350.0,2,6,4,0
98,tt0328538,thirteen,2003,7.9,1,1,0.09559586341816351,3.4,485.9,2,2,4,0
99,tt0286788,what a girl wants,2003,61.5,1,0,0.07322613298113677,34.2,236.5,1,1,6,0
100,tt0199626,in the cut,2003,8.1,1,0,0.04766779238036278,20.5,174.0,3,1,3,1
101,tt0305206,american splendor,2003,10.3,1,0,0.10123030178460239,3.4,349.4,1,1,1,0
102,tt0361467,confessions of a teenage drama queen,2004,48.8,1,0,0.1002323257137991,25.0,280.2,2,1,1,0
103,tt0363282,new york minute,2004,23.3,1,0,0.038722039217595046,49.9,327.1,1,1,3,1
104,tt0241025,vanity fair,2004,26.8,1,0,0.1043395901075354,38.3,670.5,2,3,1,0
105,tt0307453,shark tale,2004,268.6,1,1,0.0329198361333091,124.8,729.0,1,1,2,1
106,tt0395972,north country,2005,29.5,1,1,0.07888923983914065,56.3,511.3,1,1,3,0
107,tt0355702,lords of dogtown,2005,18.1,1,0,0.0835697934002584,40.2,432.3,2,2,5,0
108,tt0372532,the wedding date,2005,51.1,1,0,0.08042749637423514,24.1,369.1,1,1,5,0
109,tt0357110,the ballad of jack and rose,2005,1.1,1,0,0.08937133354729129,2.4,345.4,1,1,4,0
110,tt0374536,bewitched,2005,101.9,1,1,0.029740627356664245,136.8,532.5,1,2,3,1
111,tt0429591,aquamarine,2006,29.0,1,0,0.04859438255389511,18.7,420.2,2,1,2,1
112,tt0422720,marie antoinette,2006,24.9,1,0,0.04034216993872277,62.4,666.3,3,3,6,1
113,tt0436331,friends with money,2006,20.8,1,1,0.09987056869826409,10.1,583.5,1,1,1,0
114,tt0424908,copying beethoven,2006,0.6,1,0,0.09175268460995496,17.2,279.7,4,2,7,0
115,tt0468526,old joy,2006,0.4,1,0,0.08931004497294828,0.5,8.4,1,1,3,0
116,tt0468489,half nelson,2006,4.2,1,0,0.08370692031021165,1.1,162.7,1,1,5,0
117,tt0455967,john tucker must die,2006,64.0,1,0,0.08284753175834314,28.1,204.4,2,1,5,0
118,tt0457308,come early morning,2006,0.2,1,0,0.08926904373109193,9.4,190.5,1,1,3,0
119,tt0457939,the holiday,2006,98.7,1,0,0.06134119036121608,132.6,428.5,1,2,4,0
120,tt0475298,hood of horror,2006,0.0,1,0,0.03976852288758892,7.8,126.7,1,2,5,1
121,tt0449059,little miss sunshine,2006,93.4,1,0,0.09091329791625913,12.5,380.5,1,1,3,0
122,tt0762121,the nativity story,2006,58.7,1,0,0.03922292559558572,54.6,425.4,1,2,3,1
123,tt0473308,waitress,2007,29.0,1,0,0.0980136341485502,2.3,394.9,1,1,2,0
124,tt0469623,things we lost in the fire,2007,5.0,1,1,0.09038794672821496,24.3,482.2,1,1,2,0
125,tt0489237,the nanny diaries,2007,39.3,1,0,0.08789920085815968,30.3,519.4,1,1,3,0
126,tt0496328,itty bitty titty committee,2007,0.0,1,0,0.09818040585766966,1.5,97.3,1,1,1,0
127,tt0426931,august rush,2007,48.0,1,1,0.08198211957201762,37.9,389.9,1,1,3,0
128,tt0397044,blood and chocolate,2007,5.3,1,0,0.04750110929959423,22.7,166.0,4,3,5,1
129,tt0445922,across the universe,2007,36.9,1,0,0.034232818526166275,68.2,200.8,1,1,4,1
130,tt1010048,slumdog millionaire,2008,206.4,1,0,0.09321090350262716,21.9,289.0,1,3,2,0
131,tt0811080,speed racer,2008,64.2,1,1,0.02504028842836642,175.2,287.1,3,1,6,1
132,tt0974554,elegy,2008,5.2,1,1,0.09411236435027298,19.0,274.2,1,2,1,0
133,tt0978759,frozen river,2008,3.7,1,0,0.09819207517187611,1.5,141.3,1,4,2,0
134,tt1018785,the sisterhood of the traveling pants,2008,64.4,1,0,0.08476326561805705,39.4,460.1,1,1,3,0
135,tt0988595,dresses,2008,112.2,1,0,0.08109711614533337,43.8,250.1,1,1,3,0
136,tt1042877,cadillac records,2008,12.0,1,1,0.0941278311009512,17.5,327.3,1,1,1,0
137,tt0489281,stoploss,2008,15.9,1,0,0.04048931941834266,36.5,631.6,1,1,4,1
138,tt0430770,the women,2008,39.3,1,1,0.09110860331988982,23.4,518.1,1,1,2,0
139,tt1152850,wendy and lucy,2008,1.3,1,0,0.08256699838123123,0.3,52.5,1,1,5,0
140,tt1172233,whip it,2009,19.2,1,1,0.06465339444206833,22.0,213.0,1,1,9,0
141,tt1131734,jennifers body,2009,23.8,1,0,0.04475216247277488,23.5,639.1,1,2,3,1
142,tt1230414,its complicated,2009,165.2,1,1,0.05861684706200386,124.6,441.1,1,2,5,0
143,tt1174732,an education,2009,18.4,1,0,0.09234529238828401,11.0,456.9,1,1,3,0
144,tt1135503,julie julia,2009,138.0,1,1,0.07788924286879452,58.6,389.4,1,2,3,0
145,tt1220220,motherhood,2009,0.1,1,0,0.10153500322032633,7.3,451.5,1,1,1,0
146,tt1142433,post grad,2009,9.4,1,0,0.08527117201039301,22.0,431.5,1,1,4,0
147,tt1129445,amelia,2009,20.9,1,1,0.03664777988920599,58.6,339.0,1,1,3,1
148,tt1041829,the proposal,2009,240.3,1,1,0.07918743274382455,58.6,584.8,1,1,3,0
149,tt0810784,bright star,2009,6.5,1,0,0.09217637219028291,14.7,259.4,4,2,7,0
150,tt0892782,monsters vs aliens,2009,290.7,1,1,0.02160014553703922,256.5,761.7,1,1,2,1
151,tt1322312,going the distance,2010,25.7,1,0,0.08572283640694867,46.1,383.8,1,1,2,0
152,tt1320261,gullivers travels,2010,61.7,1,0,0.026523357766619012,161.5,497.0,1,1,4,1
153,tt1399683,winters bone,2010,9.4,1,0,0.09698060636870252,2.9,176.8,2,1,3,0
154,tt0804497,its kind of a funny story,2010,9.2,1,0,0.07853895265702132,11.5,238.1,1,1,6,0
155,tt1361313,the extra man,2010,0.7,1,1,0.0949412310287097,10.1,368.3,2,1,3,0
156,tt1274300,the tempest,2010,0.4,1,1,0.04285710495003334,28.8,445.5,1,1,2,1
157,tt0493949,ramona and beezus,2010,37.7,1,0,0.0918947182685014,21.6,351.1,1,1,2,0
158,tt1294226,the last song,2010,90.7,1,0,0.08956616845967542,28.8,324.4,1,1,2,0
159,tt0878835,please give,2010,5.8,1,0,0.09928024556505854,4.3,232.9,1,1,1,0
160,tt1570989,tiny furniture,2010,0.6,1,0,0.09816117285003578,0.1,66.8,1,1,1,0
161,tt1555064,country strong,2010,29.1,1,1,0.08240066761022798,21.6,670.8,1,1,5,0
162,tt1017451,the runaways,2010,5.2,1,1,0.08643226599272273,14.4,261.8,1,1,3,0
163,tt0842926,the kids are all right,2010,30.0,1,0,0.07481511633566647,5.0,359.2,1,1,8,0
164,tt1421051,somewhere,2010,2.6,1,0,0.09917922640112688,11.5,113.8,4,2,5,0
165,tt1233334,pariah,2011,1.1,1,0,0.09030181918744579,0.7,381.2,1,1,4,0
166,tt1563738,one day,2011,19.4,1,0,0.09697901816386316,21.0,260.7,2,1,2,0
167,tt1235170,the future,2011,0.8,1,0,0.04743783153797197,1.4,173.0,4,1,6,1
168,tt1714209,in the land of blood and honey,2011,0.4,1,0,0.04615739439610149,14.0,27.7,2,4,3,1
169,tt1588398,sleeping beauty,2011,0.1,1,0,0.0711337399105592,14.0,184.5,3,1,11,0
170,tt1321860,the beaver,2011,1.4,1,1,0.08524462189703061,29.4,322.2,2,1,4,0
171,tt1486185,red riding hood,2011,52.6,1,1,0.040120451541996234,58.7,480.1,2,1,3,1
172,tt1790885,zero dark thirty,2012,131.1,1,0,0.03974515126976236,54.8,515.7,1,2,3,1
173,tt1694020,the guilt trip,2012,50.8,1,1,0.08620293701125441,54.8,791.8,1,1,2,0
174,tt1545106,vamps,2012,0.0,1,0,0.043932857399434415,21.9,275.3,1,1,2,1
175,tt1598828,one for the money,2012,36.2,1,0,0.03960537166854558,54.8,283.2,1,1,2,1
176,tt1592873,lol,2012,0.1,1,0,0.07408156722483547,15.1,210.1,1,1,7,0
177,tt1817676,girl in progress,2012,3.6,1,0,0.09943116842542325,6.8,212.3,1,2,1,0
178,tt1211890,middle of nowhere,2012,0.3,1,0,0.09349062048013149,2.7,76.4,1,1,2,0
179,tt1920849,bachelorette,2012,0.6,1,0,0.09601294598710101,4.1,289.5,1,1,2,0
180,tt1371111,cloud atlas,2012,37.1,1,1,0.02849155926457602,139.7,535.2,2,1,5,1
181,tt1839492,ruby sparks,2012,3.5,1,0,0.04512257439907865,11.0,432.9,1,2,3,1
182,tt1217209,brave,2012,324.9,1,1,0.021161004165359237,253.3,563.8,1,1,2,1
183,tt2201548,a teacher,2013,0.0,1,0,0.0974670928131402,0.1,17.6,1,1,1,0
184,tt2294677,in a world,2013,4.0,1,0,0.09405374399418535,1.3,224.3,2,1,4,0
185,tt1758795,the to do list,2013,4.7,1,0,0.09504018192406388,2.0,468.1,1,1,3,0
186,tt2132285,the bling ring,2013,7.9,1,0,0.09047079592786593,20.2,328.5,4,1,7,0
187,tt1425922,black nativity,2013,9.5,1,1,0.08969336344869709,23.6,414.6,1,1,2,0
188,tt2034031,laggies,2014,0.6,1,0,0.09073652391114664,6.6,244.3,1,1,3,0
189,tt2318092,endless love,2014,31.1,1,0,0.08896175696936699,26.6,232.1,1,1,2,0
190,tt1247690,serena,2014,0.2,1,1,0.03943848783268597,39.8,424.9,1,1,3,1
191,tt2006295,the,2015,16.2,1,1,0.036140881526808236,33.2,336.2,4,2,10,1
192,tt3707106,by the sea,2015,0.7,1,1,0.09986866529473065,13.3,169.3,3,3,3,0
193,tt2361509,the intern,2015,100.5,1,1,0.0896901756646808,46.4,596.2,1,1,1,0
194,tt3172532,the diary of a teenage girl,2015,2.0,1,0,0.0916475939853256,2.7,148.7,1,2,3,0
195,tt2967224,hot pursuit,2015,45.9,1,1,0.03684748928320311,46.4,329.9,1,2,4,1
196,tt1617661,jupiter ascending,2015,63.0,1,1,0.020355999106406973,233.5,406.2,1,2,4,1
197,tt3387266,a united kingdom,2016,5.1,1,0,0.049101582046721846,18.3,458.6,4,1,5,1
198,tt4468634,certain women,2016,1.4,1,0,0.09627164984776877,2.6,276.9,1,1,2,0
199,tt3721936,american honey,2016,0.9,1,0,0.04240874213393934,4.6,112.7,2,1,5,1
200,tt1878870,the edge of seventeen,2016,18.9,1,0,0.08625529403181158,11.8,297.7,1,1,4,0
201,tt4341582,queen of katwe,2016,11.6,1,1,0.08991367670983354,19.6,348.2,1,1,2,0
202,tt4257926,miracles from heaven,2016,80.8,1,0,0.08222890354566736,21.0,455.4,1,1,5,0
203,tt2241351,money monster,2016,53.7,1,1,0.036677880066306935,35.4,446.9,1,1,5,1
204,tt5390504,detroit,2017,21.5,1,0,0.039884743455609266,43.6,388.6,1,1,3,1
205,tt5001718,everything everything,2017,43.8,1,0,0.09161539336036625,12.8,439.7,1,1,3,0
206,tt4622512,battle of the sexes,2017,16.2,1,1,0.08605336160568088,32.1,443.0,2,1,4,0
207,tt4030600,the bye bye man,2017,28.7,1,1,0.04225261067122925,9.5,243.7,1,1,3,1
208,tt4925292,lady bird,2017,62.8,1,0,0.090742414691655,12.8,373.8,1,1,3,0
209,tt4799050,rough night,2017,28.4,1,0,0.08530090700903935,25.7,510.9,1,1,4,0
210,tt5592248,the beguiled,2017,13.6,1,1,0.045415624269119596,13.5,423.3,1,2,2,1
211,tt1730768,the zookeepers wife,2017,22.4,1,0,0.04465220634833522,25.7,146.4,3,1,4,1
212,tt3127022,the bookshop,2017,2.0,1,0,0.11141913609455315,6.9,162.9,4,3,3,0
213,tt4827558,high life,2018,1.5,1,1,0.03817123984381337,11.2,159.4,5,1,11,1
214,tt4073790,the darkest minds,2018,15.9,1,0,0.042165671546270704,42.6,437.8,1,1,2,1
215,tt4669788,on the basis of sex,2018,30.9,1,1,0.08169113011940896,25.0,389.9,1,1,4,0
216,tt6257174,the miseducation of cameron post,2018,1.1,1,0,0.10323781794523763,1.1,281.2,2,1,2,0
217,tt6499752,upgrade,2018,15.0,1,0,0.042800474022143736,6.3,500.9,2,1,6,1
218,tt1620680,a wrinkle in time,2018,125.8,1,1,0.032006423786342435,129.0,634.5,1,1,2,1
219,tt2531344,blockers,2018,75.5,1,0,0.08768438874429743,26.3,397.8,3,1,6,0
220,tt6663582,the spy who dumped me,2018,42.0,1,0,0.043598455161912894,50.1,322.4,2,5,3,1
221,tt7137380,destroyer,2018,1.9,1,1,0.042513003637675094,11.3,321.3,1,1,3,1
222,tt6107548,late night,2019,19.1,1,1,0.07980804744192181,4.9,398.3,1,1,6,0
223,tt1489887,booksmart,2019,27.9,1,0,0.09755131302831335,7.4,301.9,1,3,2,0
224,tt3281548,little women,2019,132.9,1,0,0.08071371727694349,49.2,539.8,1,2,4,0
225,tt5941692,miss bala,2019,18.4,1,0,0.044397171285208946,18.4,114.1,2,1,3,1
226,tt3224458,a beautiful day in the neighborhood,2019,75.9,1,1,0.08973727017869843,30.7,408.6,2,1,3,0
227,tt5503686,hustlers,2019,129.1,1,0,0.08408684911630974,24.6,516.4,1,3,5,0
228,tt8266310,blinded by the light,2019,14.6,1,0,0.07752601875356151,18.4,136.5,2,1,7,0
229,tt7083526,breakthrough,2019,50.1,1,0,0.09220316706774702,17.2,282.6,1,1,2,0
230,tt8637428,the farewell,2019,21.8,1,0,0.09553923590770276,0.3,145.4,2,3,4,0
231,tt7134096,the rhythm section,2020,6.6,1,0,0.03594746001762557,60.7,90.4,3,4,7,1
232,tt7798646,the photograph,2020,25.0,1,0,0.09298970352673251,19.4,229.8,2,1,3,0
233,tt7510346,the turning,2020,18.8,1,0,0.04034481907545234,17.0,202.4,1,1,4,1
234,tt1051906,the invisible man,2020,78.9,1,0,0.04403364445378106,8.5,439.7,2,1,5,1
235,tt9214832,emma,2020,12.2,1,0,0.08578718002314203,12.1,266.7,1,1,4,0
236,tt8097030,turning red,2022,1.5,1,0,0.02569182588444793,204.1,260.9,1,5,2,1
237,tt10731256,dont worry darling,2022,48.7,1,0,0.041582894023777066,37.6,535.6,1,1,3,1
238,tt4960748,till,2022,9.7,1,1,0.08791503452962804,21.5,369.0,2,1,4,0
239,tt11198810,she said,2022,6.3,1,0,0.037488103532994366,34.4,86.6,1,1,4,1
240,tt9185206,are you there god its me margaret,2023,21.0,1,1,0.08804759284991673,31.0,358.3,1,2,2,0
241,tt13923456,mafia mamma,2023,3.6,1,0,0.036938599797958105,42.3,207.5,2,2,6,1
242,tt14209916,cocaine bear,2023,66.7,1,0,0.03974840818885195,33.5,448.8,1,1,4,1
243,tt17527468,bottoms,2023,12.4,1,0,0.08865006666661202,11.7,190.6,1,1,3,0
244,tt11304740,wish,2023,66.0,1,1,0.024457097818326796,206.4,514.2,1,1,2,1
245,tt0200469,bats,1999,19.2,0,0,0.04706934085801512,9.9,184.7,1,1,1,1
246,tt0147612,happiness,1998,5.3,0,0,0.09713014804046431,5.8,321.8,1,2,2,0
247,tt0404030,everything is illuminated,2005,2.7,0,0,0.08550959859002655,11.3,61.5,1,3,4,0
248,tt0084684,silent rage,1982,34.2,0,0,0.04413992218136988,14.7,156.2,1,1,2,1
249,tt0762105,i hate valentines day,2009,0.0,0,0,0.09565821626124067,4.4,396.5,1,3,3,0
250,tt0110167,it could happen to you,1994,80.2,0,1,0.0884728792575011,42.4,419.1,1,1,1,0
251,tt0107507,manhattan murder mystery,1993,24.7,0,1,0.0873035879507991,29.4,350.0,1,1,2,0
252,tt0087451,the ice pirates,1984,39.6,0,0,0.04302063101449485,27.2,248.4,1,1,2,1
253,tt6495770,action point,2018,6.3,0,0,0.09819985812162531,23.8,405.7,2,1,2,0
254,tt0095357,illegally yours,1988,0.7,0,0,0.08226118168181412,34.5,153.6,1,1,3,0
255,tt0113972,nick of time,1995,16.7,0,1,0.03901561175351813,68.1,358.3,1,1,1,1
256,tt1381404,the company you keep,2012,7.0,0,1,0.04350001853069116,2.7,427.9,2,1,5,1
257,tt0251114,harts war,2002,33.3,0,0,0.02968286433771124,122.3,322.2,1,2,4,1
258,tt1091751,the longshots,2008,16.8,0,0,0.0924452725961267,33.6,349.3,1,1,1,0
259,tt0114666,the tie that binds,1995,11.9,0,0,0.04103710068792768,28.9,268.3,1,1,3,1
260,tt0100395,postcards from the edge,1990,91.3,0,1,0.08451169349928049,52.9,324.0,1,1,1,0
261,tt0265632,recess schools out,2001,65.1,0,0,0.045550924664898476,17.8,426.8,1,1,2,1
262,tt2203939,the other woman,2014,111.5,0,0,0.08078340336895673,53.1,417.3,1,1,3,0
263,tt0811138,the love guru,2008,47.1,0,0,0.06961008196898578,90.5,460.2,3,1,7,0
264,tt0114887,a walk in the clouds,1995,103.2,0,1,0.08156281554233545,41.3,133.0,1,1,2,0
265,tt0087722,mikes murder,1984,3.3,0,0,0.04299209480119182,19.1,368.2,1,1,3,1
266,tt2465146,and so it goes,2014,20.1,0,1,0.08421111064610655,23.9,281.5,1,1,3,0
267,tt0379725,capote,2005,46.3,0,0,0.09089385246558365,11.3,196.9,2,1,4,0
268,tt6423362,the sun is also a star,2019,6.1,0,0,0.09625372507725832,11.1,159.8,1,1,1,0
269,tt0424993,employee of the month,2006,44.4,0,0,0.09375187669125781,18.7,428.7,1,1,2,0
270,tt1470827,monsters,2010,0.3,0,0,0.0460316751121825,0.7,56.5,1,2,2,1
271,tt9664108,voyagers,2021,3.7,0,0,0.05308923830993568,23.2,197.1,4,1,2,1
272,tt0118771,breakdown,1997,98.3,0,0,0.07597194192001071,70.5,362.7,1,1,3,0
273,tt0280760,igby goes down,2002,8.3,0,1,0.09522217011874924,15.7,369.7,1,1,1,0
274,tt0084938,young doctors in love,1982,100.0,0,0,0.09098503733182682,24.4,257.7,1,2,2,0
275,tt1950135,drunk wedding,2015,0.0,0,0,0.09875029387956398,0.8,39.7,1,2,1,0
276,tt0116404,get on the bus,1996,11.4,0,0,0.044922924793294336,4.8,274.8,1,2,3,1
277,tt13453006,red rocket,2021,1.2,0,0,0.09326786649558508,1.3,30.8,1,1,2,0
278,tt2402927,carol,2015,16.9,0,1,0.09307506701723137,15.7,347.8,2,1,3,0
279,tt3460252,the hateful eight,2015,71.8,0,0,0.08017377447104959,58.4,392.9,1,2,3,0
280,tt4103724,forever my girl,2018,20.5,0,0,0.09974895589874848,4.4,267.7,1,1,1,0
281,tt0097239,driving miss daisy,1989,270.3,0,0,0.093703048186531,19.0,640.9,1,2,3,0
282,tt1091722,adventureland,2009,23.5,0,0,0.09540837416130037,14.4,460.2,1,1,2,0
283,tt2084970,the imitation game,2014,121.0,0,0,0.04498822792267264,18.6,497.6,2,1,4,1
284,tt0076342,macarthur,1977,84.7,0,1,0.03995437192095651,46.7,67.7,1,1,1,1
285,tt0485985,red tails,2012,68.3,0,1,0.03504694466646893,79.4,315.8,1,3,3,1
286,tt1341167,four lions,2010,0.4,0,0,0.09606533881453766,1.4,123.1,2,4,4,0
287,tt0280760,igby goes down,2002,8.3,0,1,0.09522217011874924,15.7,369.7,1,1,1,0
288,tt4481414,gifted,2017,31.8,0,1,0.08849615966131949,9.0,603.9,1,1,4,0
289,tt0117802,swingers,1996,9.0,0,0,0.09409711760313101,0.4,365.9,1,1,3,0
290,tt0335013,the company,2003,3.9,0,0,0.07518941909738695,25.6,214.7,3,1,9,0
291,tt0119190,george of the jungle,1997,206.2,0,0,0.03428026534976003,107.7,363.3,1,2,2,1
292,tt0889583,brno,2009,88.0,0,0,0.08578039139551917,61.6,387.5,2,3,3,0
293,tt3850214,dope,2015,23.2,0,0,0.04495273189165356,9.3,456.0,1,1,3,1
294,tt0096203,switching channels,1988,23.9,0,0,0.08906105217396063,47.8,388.3,1,1,1,0
295,tt1646980,the double,2011,0.1,0,0,0.03819939708418879,23.8,280.9,1,1,5,1
296,tt0338216,lucky you,2007,8.7,0,1,0.06421118728408695,83.4,274.2,1,1,5,0
297,tt3881784,stronger,2017,5.4,0,0,0.08033180655353095,38.5,368.0,1,1,4,0
298,tt0116508,heavens prisoners,1996,9.8,0,0,0.037887882744736416,50.1,325.2,2,1,5,1
299,tt4530422,overlord,2018,27.2,0,0,0.04472251936743234,47.6,227.4,2,4,2,1
300,tt1972779,the best of me,2014,35.6,0,0,0.09218762782374047,34.5,348.8,1,1,1,0
301,tt2908856,my old lady,2014,5.3,0,1,0.09228098288403326,6.6,234.9,3,1,5,0
302,tt0116095,diabolique,1996,34.3,0,1,0.032474951246193,90.2,423.1,1,2,4,1
303,tt2872718,nightcrawler,2014,43.0,0,0,0.04828227386792006,11.3,673.7,1,1,2,1
304,tt0388500,beauty shop,2005,58.5,0,0,0.090252224981484,40.2,321.4,1,1,1,0
305,tt0257756,high crimes,2002,72.6,0,0,0.0695699765190448,73.4,331.5,1,2,5,0
306,tt0095690,mystic pizza,1988,34.0,0,0,0.09532255504712367,15.9,485.2,1,1,2,0
307,tt0243133,the man who wasnt there,2001,13.3,0,1,0.08356528022300115,35.5,439.6,2,3,5,0
308,tt0396652,ice princess,2005,39.2,0,0,0.08752337537729092,40.2,246.2,2,1,3,0
309,tt0120784,payback,1999,153.9,0,0,0.027849466552418312,169.8,398.0,1,1,2,1
310,tt0141399,isnt she great,2000,5.4,0,0,0.06483874825735207,65.7,367.6,1,1,7,0
311,tt0452624,the good german,2006,2.0,0,1,0.08313339876129618,49.9,485.2,1,4,3,0
312,tt0111252,spanking the monkey,1994,2.9,0,0,0.09174461523715133,0.4,191.3,1,1,3,0
313,tt5052448,get out,2017,225.6,0,0,0.04587479494851953,5.8,516.2,1,1,3,1
314,tt0087428,the hotel new hampshire,1984,15.6,0,0,0.09983920882883321,22.7,340.6,3,1,3,0
315,tt0133240,treasure planet,2002,66.6,0,1,0.021527687170426132,244.7,494.6,1,1,2,1
316,tt0808357,lust caution,2007,7.0,0,0,0.047621869721613655,22.7,16.3,4,5,5,1
317,tt1086064,bill ted face the music,2020,4.2,0,0,0.03292991786132015,30.4,303.0,2,3,10,1
318,tt1193138,up in the air,2009,122.9,0,1,0.07394054288168027,36.6,540.7,1,1,6,0
319,tt0445934,blades of glory,2007,179.9,0,0,0.07358179939122306,80.4,562.2,1,2,4,0
320,tt1472584,max steel,2016,5.0,0,0,0.04643882377814273,13.1,298.4,2,1,3,1
321,tt2446980,joy,2015,74.9,0,1,0.06730110212133669,79.6,426.6,1,2,5,0
322,tt0100666,spaced invaders,1990,36.1,0,0,0.04820477324851499,7.2,577.8,1,1,2,1
323,tt0120188,three kings,1999,114.5,0,0,0.027268273699589077,141.5,468.3,1,2,5,1
324,tt0120094,selena,1997,70.1,0,0,0.08629478325503889,39.2,202.5,1,2,2,0
325,tt0419887,the kite runner,2007,24.0,0,0,0.0681767427575115,30.3,198.3,3,5,12,0
326,tt7549996,judy,2019,29.9,0,1,0.09319769644360829,12.3,421.7,3,1,5,0
327,tt1285016,the social network,2010,139.8,0,0,0.07235097702462441,57.7,351.8,1,1,5,0
328,tt0091680,one crazy summer,1986,38.5,0,0,0.08719850323078757,38.5,176.1,1,3,2,0
329,tt0377107,proof,2005,12.1,0,1,0.08458956665668516,32.2,484.9,1,1,3,0
330,tt0377107,proof,2005,12.1,0,1,0.08458956665668516,32.2,484.9,1,1,3,0
331,tt5301662,marshall,2017,12.9,0,0,0.10060108080070068,15.4,555.8,1,1,1,0
332,tt0250687,rat race,2001,100.5,0,1,0.03501369442038625,85.2,439.6,2,1,4,1
333,tt0117802,swingers,1996,9.0,0,0,0.09409711760313101,0.4,365.9,1,1,3,0
334,tt0087951,protocol,1984,79.6,0,1,0.08621007077832198,36.3,324.1,1,2,2,0
335,tt0091939,shes gotta have it,1986,20.5,0,0,0.09514833165192436,0.5,152.0,1,1,2,0
336,tt0285531,dreamcatcher,2003,57.6,0,0,0.02887033517466997,116.2,392.3,1,1,5,1
337,tt0109376,car where are you,1994,2.6,0,0,0.09418712917824874,22.7,251.2,1,1,1,0
338,tt0118632,the apostle,1997,40.6,0,1,0.09307638941355947,9.8,89.5,1,1,1,0
339,tt1226229,get him to the greek,2010,88.2,0,0,0.07666493279253188,57.7,450.5,1,1,4,0
340,tt0202470,rock star,2001,30.2,0,0,0.063167136516184,101.2,346.5,1,1,5,0
341,tt0105291,ruby,1992,2.1,0,0,0.10455382379752484,20.2,317.3,3,1,2,0
342,tt2402927,carol,2015,16.9,0,1,0.09307506701723137,15.7,347.8,2,1,3,0
343,tt2051894,home run,2013,3.9,0,0,0.09562272876765665,1.6,126.1,1,2,2,0
344,tt0181536,finding forrester,2000,94.5,0,1,0.07326110700273225,78.5,472.3,1,1,3,0
345,tt0189998,shadow of the vampire,2000,15.1,0,0,0.047680548664155054,14.6,262.5,3,2,4,1
346,tt0107413,life with mikey,1993,26.9,0,0,0.10124462841364287,4.4,371.2,1,1,1,0
347,tt0449467,babel,2006,53.5,0,1,0.10023972023765743,39.0,458.9,5,6,6,0
348,tt0119177,gattaca,1997,24.6,0,0,0.038721662861910075,70.5,379.9,1,2,2,1
349,tt0772157,broken english,2007,1.5,0,0,0.1042284242400642,3.0,439.8,3,2,4,0
350,tt1086064,bill ted face the music,2020,4.2,0,0,0.03292991786132015,30.4,303.0,2,3,10,1
351,tt0314331,love actually,2003,102.9,0,1,0.07887350069877672,68.3,436.2,2,3,4,0
352,tt0243133,the man who wasnt there,2001,13.3,0,1,0.08356528022300115,35.5,439.6,2,3,5,0
353,tt0333766,garden state,2004,44.6,0,0,0.08040953331834515,4.2,246.1,1,1,6,0
354,tt0082945,prince of the city,1981,31.1,0,0,0.08937137066244864,29.7,161.8,1,3,2,0
355,tt0461770,enchanted,2007,193.7,0,1,0.029731919063235895,128.9,742.1,1,1,4,1
356,tt1731701,barely lethal,2015,0.0,0,0,0.048600737312347826,19.9,520.0,1,2,1,1
357,tt0120907,existenz,1999,5.4,0,0,0.04034389500669554,28.3,415.9,3,1,7,1
358,tt0114681,to die for,1995,43.9,0,0,0.09989207827604377,41.3,438.7,3,1,2,0
359,tt0111252,spanking the monkey,1994,2.9,0,0,0.09174461523715133,0.4,191.3,1,1,3,0
360,tt0391104,baptists at our barbecue,2004,0.3,0,0,0.08931986844037268,0.8,15.4,1,1,3,0
361,tt0089444,krush groove,1985,32.3,0,0,0.08370156452697572,8.8,29.8,1,1,4,0
362,tt1033575,the descendants,2011,115.5,0,1,0.08285340347544562,28.0,255.9,1,1,3,0
363,tt0101745,doc hollywood,1991,126.4,0,0,0.0892805346443472,46.2,371.9,1,1,1,0
364,tt0106677,dazed and confused,1993,18.0,0,0,0.061257728603366556,150.1,281.4,1,1,2,0
365,tt0117333,phenomenon,1996,209.7,0,1,0.03977031521020835,64.1,399.8,1,1,1,1
366,tt0086984,body double,1984,26.6,0,0,0.09090710248782338,30.3,457.8,1,1,2,0
367,tt0398842,the celestine prophecy,2006,1.9,0,0,0.03922365581158942,15.6,282.4,1,1,5,1
368,tt0101507,boyz n the hood,1991,129.7,0,0,0.09801346294274908,15.0,366.5,1,1,1,0
369,tt0416887,kalamazoo,2006,0.1,0,0,0.09038288564106879,0.0,372.8,1,1,4,0
370,tt0246989,tomcats,2001,24.1,0,0,0.08790051661686883,19.5,294.7,1,1,3,0
371,tt6495770,action point,2018,6.3,0,0,0.09819985812162531,23.8,405.7,2,1,2,0
372,tt0790628,the incredible burt wonderstone,2013,30.4,0,1,0.08199392131038696,40.5,445.0,1,1,3,0
373,tt0095082,eight men out,1988,15.1,0,0,0.04750336085975091,16.2,376.1,1,1,1,1
374,tt6811018,the kid who would be king,2019,20.6,0,0,0.03422856542988198,72.5,289.5,1,1,4,1
375,tt0156323,screwed,2000,12.7,0,0,0.09320899187750104,18.3,380.3,1,1,2,0
376,tt11908172,the kill room,2023,0.1,0,0,0.02508214263776289,51.6,192.6,1,1,12,1
377,tt0107943,the remains of the day,1993,49.9,0,1,0.09410363740250006,25.0,241.3,2,2,2,0
378,tt6495770,action point,2018,6.3,0,0,0.09819985812162531,23.8,405.7,2,1,2,0
379,tt0795368,death at a funeral,2007,13.0,0,0,0.08476712446787316,13.6,487.3,3,1,8,0
380,tt5259822,tesla,2020,0.1,0,0,0.0810780354347704,6.1,258.8,1,2,6,0
381,tt5719700,home again,2017,34.7,0,1,0.09414707502005422,15.4,285.0,1,1,1,0
382,tt1343727,dredd,2012,18.4,0,0,0.04049457674867198,68.5,241.6,4,1,5,1
383,tt10896398,boogie,2021,4.8,0,0,0.09109073742842733,23.2,323.9,1,1,2,0
384,tt0084917,the world according to garp,1982,98.4,0,0,0.08257072362056816,55.4,321.5,1,1,2,0
385,tt0335438,starsky hutch,2004,146.8,0,0,0.06448575558447545,99.9,374.3,1,2,5,0
386,tt4034354,swiss army man,2016,5.5,0,0,0.04474873335299716,3.9,449.4,2,1,5,1
387,tt0139462,message in a bottle,1999,99.8,0,1,0.058602495088709565,151.0,486.7,1,1,3,0
388,tt0107840,poetic justice,1993,59.7,0,0,0.09235848667159119,30.5,278.3,1,1,1,0
389,tt0183505,me myself irene,2000,165.4,0,0,0.07791573344163048,93.1,628.4,1,2,2,0
390,tt0085334,a christmas story,1983,65.2,0,0,0.10153971873503946,10.4,359.2,2,1,2,0
391,tt0235737,the salton sea,2002,1.2,0,0,0.08527237008814133,31.5,336.6,1,1,3,0
392,tt0088172,starman,1984,86.8,0,0,0.03664477056150324,66.6,316.3,1,1,3,1
393,tt0252076,maid in manhattan,2002,164.2,0,0,0.0791977921158064,96.1,508.9,1,2,1,0
394,tt1972779,the best of me,2014,35.6,0,0,0.09218762782374047,34.5,348.8,1,1,1,0
395,tt2034800,the great wall,2016,59.2,0,0,0.021630433156523122,196.5,232.9,3,4,9,1
396,tt0094889,cocktail,1988,207.9,0,0,0.0857247108191898,53.2,658.1,1,3,3,0
397,tt0120738,lost in space,1998,133.3,0,1,0.026474617429638185,154.3,524.0,1,1,4,1
398,tt0844671,college,2008,6.9,0,0,0.09697135537051334,10.2,192.5,1,1,1,0
399,tt0100140,mermaids,1990,84.5,0,1,0.07854448515092331,74.6,277.0,1,1,1,0
400,tt9208444,impractical jokers the movie,2020,12.7,0,0,0.09494446111372384,3.6,201.7,1,1,2,0
401,tt0085894,the man with two brains,1983,32.7,0,0,0.04285815799120892,31.9,321.5,1,1,2,1
402,tt0104454,howards end,1992,58.5,0,1,0.09189307998798794,17.9,357.9,3,2,5,0
403,tt0935075,rabbit hole,2010,3.2,0,1,0.08956719683473117,7.2,356.3,1,1,3,0
404,tt0104567,johnny suede,1991,0.1,0,0,0.09926863216732637,1.2,146.0,3,1,4,0
405,tt0120112,shes so lovely,1997,14.3,0,0,0.09812295553928059,35.3,346.9,2,1,1,0
406,tt0120586,american history x,1998,13.0,0,0,0.08242012499911919,38.6,252.1,1,1,3,0
407,tt0093818,radio days,1987,40.9,0,1,0.08643110464692025,44.3,298.6,1,1,1,0
408,tt0375173,alfie,2004,22.3,0,1,0.07481276600356347,99.9,316.7,2,1,2,0
409,tt1659337,the perks of being a wallflower,2012,24.3,0,0,0.09918160235842265,17.8,507.0,1,1,1,0
410,tt3544112,sing street,2016,4.2,0,0,0.09029173768751922,5.2,159.8,3,1,6,0
411,tt0844671,college,2008,6.9,0,0,0.09697135537051334,10.2,192.5,1,1,1,0
412,tt1907639,hardflip,2012,0.1,0,0,0.04743370145711499,1.4,58.4,1,1,1,1
413,tt0094612,action jackson,1988,53.8,0,0,0.04616460914849075,18.6,448.0,1,2,2,1
414,tt0204626,the watcher,2000,52.9,0,1,0.07111493887575428,60.3,395.3,1,2,5,0
415,tt0805526,facing the giants,2006,15.9,0,0,0.08524660028431578,0.2,268.5,1,1,5,0
416,tt0094761,the blob,1988,21.9,0,0,0.04012673618333798,50.5,278.9,1,1,2,1
417,tt3530002,the night before,2015,57.1,0,0,0.03974806965571499,33.2,442.5,1,1,4,1
418,tt0118798,bulworth,1998,51.2,0,0,0.08620671165107907,57.9,375.2,1,1,1,0
419,tt1190617,an american carol,2008,10.2,0,0,0.043936813972701674,29.2,135.1,1,1,1,1
420,tt0265459,one hour photo,2002,55.2,0,1,0.039604663098423636,21.0,353.7,1,1,4,1
421,tt2381941,focus,2015,71.5,0,0,0.07404302353168625,66.5,691.0,1,1,5,0
422,tt0102749,a rage in harlem,1991,24.1,0,0,0.0994358346534511,18.5,382.2,2,1,2,0
423,tt0097216,do the right thing,1989,65.9,0,0,0.09349030265612969,16.5,406.8,1,4,3,0
424,tt0174204,simpatico,1999,1.7,0,0,0.09603288861344388,18.9,284.7,3,1,4,0
425,tt0386117,where the wild things are,2009,113.2,0,1,0.02849184806531701,146.6,229.0,3,1,5,1
426,tt0112896,dracula dead and loving it,1995,22.0,0,0,0.04512217312171575,61.9,749.7,2,2,2,1
427,tt0870154,jungle cruise,2021,135.7,0,0,0.02121506656164976,232.0,536.7,1,8,6,1
428,tt0937375,this christmas,2007,74.5,0,0,0.09746603535767112,19.7,425.5,1,1,1,0
429,tt1541160,flypaper,2011,0.0,0,0,0.09404903311163604,7.0,342.6,2,1,4,0
430,tt5580036,i tonya,2017,38.5,0,0,0.0950536149142517,14.1,428.2,1,1,2,0
431,tt0264796,life as a house,2001,27.8,0,1,0.09047424794108384,32.0,356.3,1,1,1,0
432,tt0092798,critical condition,1987,56.0,0,0,0.08969752742860732,38.7,247.8,1,1,1,0
433,tt0290212,full frontal,2002,4.4,0,1,0.09073836277068915,3.5,368.6,1,1,3,0
434,tt0087277,footloose,1984,242.1,0,0,0.08895564101721527,24.8,486.9,1,1,3,0
435,tt0083001,roar,1981,7.3,0,0,0.039432913148527524,58.8,45.3,1,1,1,1
436,tt0408345,firewall,2006,76.0,0,0,0.036138429085924115,70.2,436.5,2,1,5,1
437,tt0114681,to die for,1995,43.9,0,0,0.09989207827604377,41.3,438.7,3,1,2,0
438,tt0092798,critical condition,1987,56.0,0,0,0.08969752742860732,38.7,247.8,1,1,1,0
439,tt7334528,uncle drew,2018,53.2,0,0,0.09167359548103513,23.8,380.3,1,1,2,0
440,tt4701724,early man,2018,10.4,0,1,0.03681917882935343,62.6,431.0,3,1,6,1
441,tt1964418,tomorrowland,2015,124.0,0,1,0.02030216474596962,252.1,566.9,1,1,3,1
442,tt0096426,waxwork,1988,2.1,0,0,0.04909893312272235,8.0,401.0,3,1,4,1
443,tt0115906,citizen ruth,1996,0.7,0,0,0.09626648697897794,6.0,347.3,1,1,2,0
444,tt0116922,lost highway,1997,7.5,0,0,0.04241215481382812,29.4,336.7,2,1,4,1
445,tt0082121,bustin loose,1981,108.1,0,0,0.08625937292638773,38.0,257.9,1,1,2,0
446,tt0388183,kings ransom,2005,6.5,0,0,0.08991276571273508,24.1,388.7,2,1,4,0
447,tt0437800,akeelah and the bee,2006,29.4,0,0,0.0822183841875681,12.5,277.6,1,1,5,0
448,tt0122718,small soldiers,1998,106.4,0,0,0.03667955225576825,77.2,543.1,1,1,3,1
449,tt0425210,lucky number slevin,2006,35.1,0,1,0.03988196571158951,42.1,366.9,4,1,7,1
450,tt0280707,gosford park,2001,73.3,0,1,0.091609334177658,35.2,644.3,2,1,3,0
451,tt0387059,bee season,2005,1.9,0,1,0.0860598208153115,22.5,108.1,1,1,2,0
452,tt1232783,sorority row,2009,17.5,0,0,0.042258528687462965,18.3,239.1,1,1,3,1
453,tt0290212,full frontal,2002,4.4,0,1,0.09073836277068915,3.5,368.6,1,1,3,0
454,tt0244970,someone like you,2001,48.5,0,1,0.08530693966658323,40.8,428.9,1,1,2,0
455,tt0157503,drop dead gorgeous,1999,19.9,0,0,0.045411452892278,18.9,429.6,1,1,2,1
456,tt0082763,modern problems,1981,84.7,0,0,0.044650221830189525,27.7,209.3,1,1,1,1
457,tt0089424,kiss of the spider woman,1985,42.6,0,0,0.1106695507038053,0.0,119.7,2,5,1,0
458,tt8093700,the woman king,2022,72.3,0,1,0.03817250269757421,53.7,554.3,2,2,5,1
459,tt14060232,infinite storm,2022,1.7,0,0,0.04216604712113204,5.1,671.1,2,1,7,1
460,tt0124315,the cider house rules,1999,108.6,0,1,0.08169225050022985,45.3,519.8,1,1,3,0
461,tt0279113,the good girl,2002,24.5,0,0,0.10320283189215898,14.0,390.2,3,1,3,0
462,tt0997047,college road trip,2008,66.6,0,0,0.04280728891705132,36.5,326.3,1,2,2,1
463,tt0471042,tower heist,2011,109.1,0,0,0.03200064637581177,104.8,526.4,1,1,4,1
464,tt7158430,hearts beat loud,2018,3.0,0,0,0.0876818106511843,2.5,216.5,1,1,4,0
465,tt0403016,supercross,2005,5.0,0,0,0.04359915218310605,25.8,306.6,1,1,2,1
466,tt0077523,every which way but loose,1978,502.8,0,0,0.04251296231240934,24.1,106.3,1,1,2,1
467,tt0088930,clue,1985,39.1,0,0,0.07980625786373516,43.8,350.5,1,2,4,0
468,tt5028822,what happened last night,2016,0.0,0,0,0.09754983413357556,0.0,21.4,1,1,1,0
469,tt0239949,say it isnt so,2001,9.8,0,1,0.08065533357166683,44.4,414.1,1,1,3,0
470,tt0107612,mr nanny,1993,9.2,0,0,0.044390510989738674,21.8,48.3,1,1,1,1
471,tt0109504,crooklyn,1994,27.6,0,0,0.08973371838911176,29.7,189.6,1,3,2,0
472,tt0841046,walk hard the dewey cox story,2007,27.8,0,0,0.08410301069613951,53.1,399.1,1,1,2,0
473,tt1205489,gran torino,2008,216.3,0,0,0.07751814404293157,48.2,756.1,2,1,7,0
474,tt0091159,gung ho,1986,105.0,0,0,0.09221730400984975,37.3,409.3,1,1,1,0
475,tt0094138,three oclock high,1987,10.2,0,0,0.0955525963520235,16.6,223.7,1,1,1,0
476,tt0308506,like mike,2002,89.9,0,0,0.03597074349562842,52.4,485.7,1,1,5,1
477,tt2247476,when the game stands tall,2014,40.0,0,0,0.09299297251620187,19.9,397.6,1,1,2,0
478,tt0120907,existenz,1999,5.4,0,0,0.04034389500669554,28.3,415.9,3,1,7,1
479,tt0947802,lakeview terrace,2008,57.3,0,0,0.04403200610065186,29.2,442.0,1,1,2,1
480,tt0889583,brno,2009,88.0,0,0,0.08578039139551917,61.6,387.5,2,3,3,0
481,tt0329575,seabiscuit,2003,205.5,0,1,0.025699423061703117,148.7,509.3,1,1,5,1
482,tt11291274,the unbearable weight of massive talent,2022,21.8,0,1,0.04158442993969718,32.2,236.2,1,2,2,1
483,tt0241760,the new guy,2002,50.6,0,0,0.08790538270282715,22.7,278.5,1,2,3,0
484,tt0120683,gloria,1999,7.9,0,1,0.03747827960892986,56.6,150.2,1,1,2,1
485,tt1127896,taking woodstock,2009,10.9,0,0,0.08805341623442947,44.0,366.7,2,1,3,0
486,tt2304933,the th wave,2016,45.7,0,0,0.03694308328579349,49.8,312.0,1,1,4,1
487,tt3530002,the night before,2015,57.1,0,0,0.03974806965571499,33.2,442.5,1,1,4,1
488,tt2062700,song to song,2017,0.6,0,1,0.08865027542657342,12.8,402.2,1,1,3,0
489,tt0140352,the insider,1999,54.7,0,1,0.024459681267465953,169.8,381.7,1,4,5,1
